PATID,DRAWN_DATE,LOCATION,ENUM,TESTCODE,STRING
12,2003-09-22,Calgary_AB,180A,VIRCOGENPR,CCTCAAATCACTCTTTGGCAACGACCCCTCGTCACAATAAAGATAGGGGGGCAGCTAAAGGAAGCTTTACTAGACACAGGAGCAGATGA
1,2006-02-06,Calgary_AB,241A,POL_1017,CCTCAAATCACTCTTTGGCAACGACCCCTCGTCACAATAAAGATAGGGGGGCAGCTAAAGGAAGCTTTACTAGACACAGGAGCAGATGA
1,2006-12-19,Calgary_AB,562B,VIRCOGENPR,CCTCAAATCACTCTTTGGCAACGACCCCTCGTCACAATAAAGATAGGGGGGCAGCTAAAGGAAGCTTTACTAGACACAGGAGCAGATGA
1,2010-05-25,Calgary_AB,318A,VIRCOGENPR,CCTCAAATCACTCTTTGGCAACGACCCCTCGTCACAATAAAGATAGGGGGGCAGCTAAAGGAAGCTTTACTAGACACAGGAGCAGATGA
13,2009-01-16,Calgary_AB,292A,VIRCOGENPR,CCTCAAATCACTCTTTGGCAACGACCCCTCGTCACAATAAAGATAGGGGGGCAGCTAAAGGAAGCTTTACTAGACACAGGAGCAGATGA
14,1998-06-09,Calgary_AB,201A,VIRCOGENPR,CCTCAAATCACTCTTTGGCAACGACCCCTCGTCACAATAAAGATAGGGGGGCAGCTAAAGGAAGCTTTACTAGACACAGGAGCAGATGA
15,2005-01-18,Calgary_AB,021A,VIRCOGENPR,CCTCAAATCACTCTTTGGCAACGACCCCTCGTCACAATAAAGATAGGGGGGCAGCTAAAGGAAGCTTTACTAGACACAGGAGCAGATGA
2,2011-03-08,Calgary_AB,666A,VIRCOGENPR,CCTCAAATCACTCTTTGGCAACGACCCCTCGTCACAATAAAGATAGGGGGGCAGCTAAAGGAAGCTTTACTAGACACAGGAGCAGATGA
3,1998-09-21,Calgary_AB,202A,VIRCOGENPR,CCTCAAATCACTCTTTGGCAACGACCCCTCGTCACAATAAAGATAGGGGGGCAGCTAAAGGAAGCTTTACTAGACACAGGAGCAGATGA
3,2004-06-07,Calgary_AB,203A,VIRCOGENPR,CCTCAAATCACTCTTTGGCAACGACCCCTCGTCACAATAAAGATAGGGGGGCAGCTAAAGGAAGCTTTACTAGACACAGGAGCAGATGA
3,2007-05-07,Calgary_AB,454A,VIRCOGENPR,CCTCAAATCACTCTTTGGCAACGACCCCTCGTCACAATAAAGATAGGGGGGCAGCTAAAGGAAGCTTTACTAGACACAGGAGCAGATGA
3,2007-08-13,Calgary_AB,603A,POL_1017,CCTCAAATCACTCTTTGGCAACGACCCCTCGTCACAATAAAGATAGGGGGGCAGCTAAAGGAAGCTTTACTAGACACAGGAGCAGATGA
3,2008-03-10,Calgary_AB,055A,POL_1017,CCTCAAATCACTCTTTGGCAACGACCCCTCGTCACAATAAAGATAGGGGGGCAGCTAAAGGAAGCTTTACTAGACACAGGAGCAGATGA
4,2001-10-23,Calgary_AB,104A,VIRCOGENPR,CCTCAAATCACTCTTTGGCAACGACCCCTCGTCACAATAAAGATAGGGGGGCAGCTAAAGGAAGCTTTACTAGACACAGGAGCAGATGA
4,2008-10-15,Calgary_AB,083A,VIRCOGENPR,CCTCAAATCACTCTTTGGCAACGACCCCTCGTCACAATAAAGATAGGGGGGCAGCTAAAGGAAGCTTTACTAGACACAGGAGCAGATGA
4,2011-09-22,Calgary_AB,274A,VIRCOGENPR,CCTCAAATCACTCTTTGGCAACGACCCCTCGTCACAATAAAGATAGGGGGGCAGCTAAAGGAAGCTTTACTAGACACAGGAGCAGATGA
5,2003-09-04,Calgary_AB,160A,VIRCOGENPR,CCTCAAATCACTCTTTGGCAACGACCCCTCGTCACAATAAAGATAGGGGGGCAGCTAAAGGAAGCTTTACTAGACACAGGAGCAGATGA
5,2005-04-21,Calgary_AB,266A,VIRCOGENPR,CCTCAAATCACTCTTTGGCAACGACCCCTCGTCACAATAAAGATAGGGGGGCAGCTAAAGGAAGCTTTACTAGACACAGGAGCAGATGA
5,2008-08-26,Calgary_AB,314A,VIRCOGENPR,CCTCAAATCACTCTTTGGCAACGACCCCTCGTCACAATAAAGATAGGGGGGCAGCTAAAGGAAGCTTTACTAGACACAGGAGCAGATGA
5,2009-09-02,Edmonton_AB,090B,VIRCOGENPR,CCTCAAATCACTCTTTGGCAACGACCCCTCGTCACAATAAAGATAGGGGGGCAGCTAAAGGAAGCTTTACTAGACACAGGAGCAGATGA
5,2010-10-20,Calgary_AB,493A,VIRCOGENPR,CCTCAAATCACTCTTTGGCAACGACCCCTCGTCACAATAAAGATAGGGGGGCAGCTAAAGGAAGCTTTACTAGACACAGGAGCAGATGA
5,2015-11-17,Calgary_AB,897A,VIRCOGENPR,CCTCAAATCACTCTTTGGCAACGACCCCTCGTCACAATAAAGATAGGGGGGCAGCTAAAGGAAGCTTTACTAGACACAGGAGCAGATGA
6,2002-11-01,Calgary_AB,101A,VIRCOGENPR,CCTCAAATCACTCTTTGGCAACGACCCCTCGTCACAATAAAGATAGGGGGGCAGCTAAAGGAAGCTTTACTAGACACAGGAGCAGATGA
6,2011-05-18,Calgary_AB,320A,VIRCOGENPR,CCTCAAATCACTCTTTGGCAACGACCCCTCGTCACAATAAAGATAGGGGGGCAGCTAAAGGAAGCTTTACTAGACACAGGAGCAGATGA
7,2004-09-24,Calgary_AB,679A,VIRCOGENPR,CCTCAAATCACTCTTTGGCAACGACCCCTCGTCACAATAAAGATAGGGGGGCAGCTAAAGGAAGCTTTACTAGACACAGGAGCAGATGA
7,2007-08-22,Calgary_AB,638A,VIRCOGENPR,CCTCAAATCACTCTTTGGCAACGACCCCTCGTCACAATAAAGATAGGGGGGCAGCTAAAGGAAGCTTTACTAGACACAGGAGCAGATGA
7,2007-11-19,Calgary_AB,583A,VIRCOGENPR,CCTCAAATCACTCTTTGGCAACGACCCCTCGTCACAATAAAGATAGGGGGGCAGCTAAAGGAAGCTTTACTAGACACAGGAGCAGATGA
7,2009-04-23,Calgary_AB,013A,VIRCOGENPR,CCTCAAATCACTCTTTGGCAACGACCCCTCGTCACAATAAAGATAGGGGGGCAGCTAAAGGAAGCTTTACTAGACACAGGAGCAGATGA
7,2009-06-09,Calgary_AB,449A,VIRCOGENPR,CCTCAAATCACTCTTTGGCAACGACCCCTCGTCACAATAAAGATAGGGGGGCAGCTAAAGGAAGCTTTACTAGACACAGGAGCAGATGA
7,2010-01-06,Calgary_AB,120A,VIRCOGENPR,CCTCAAATCACTCTTTGGCAACGACCCCTCGTCACAATAAAGATAGGGGGGCAGCTAAAGGAAGCTTTACTAGACACAGGAGCAGATGA
8,2005-01-27,Calgary_AB,164A,VIRCOGENPR,CCTCAAATCACTCTTTGGCAACGACCCCTCGTCACAATAAAGATAGGGGGGCAGCTAAAGGAAGCTTTACTAGACACAGGAGCAGATGA
9,2006-11-23,Calgary_AB,429A,VIRCOGENPR,CCTCAAATCACTCTTTGGCAACGACCCCTCGTCACAATAAAGATAGGGGGGCAGCTAAAGGAAGCTTTACTAGACACAGGAGCAGATGA
10,2009-05-26,Calgary_AB,380A,VIRCOGENPR,CCTCAAATCACTCTTTGGCAACGACCCCTCGTCACAATAAAGATAGGGGGGCAGCTAAAGGAAGCTTTACTAGACACAGGAGCAGATGA
